ID,Category,job_type,Title,Posted,Link,Experience Level,Budget,duration,Tags
1,Data Science & Analytics,Hourly: $20.00 - $39.00,Power BI Developer Needed for Data Visualization Project,Posted 5 minutes ago,https://www.upwork.com/jobs/Power-Developer-Needed-for-Data-Visualization-Project_~021915581402837693364/?referrer_url_path=/nx/search/jobs/,Entry Level,,"Est. time:
1 to 3 months, Less than 30 hrs/week","Microsoft Power BI, Data Visualization, Tableau, Data Analysis"
2,Data Science & Analytics,Fixed price,Monthly Sales Trend Excel Dashboard,Posted 12 minutes ago,https://www.upwork.com/jobs/Monthly-Sales-Trend-Excel-Dashboard_~021915581311945472517/?referrer_url_path=/nx/search/jobs/,Entry Level,"Est. budget:
$15.00",,"Microsoft Excel, Data Visualization, Data Analysis"
3,Data Science & Analytics,Fixed price,"GTM expert required to track conversions from Socials, LinkedIn & Google",Posted 16 minutes ago,https://www.upwork.com/jobs/GTM-expert-required-track-conversions-from-Socials-LinkedIn-Google_~021915580236102302213/?referrer_url_path=/nx/search/jobs/,Intermediate,"Est. budget:
$50.00",,"Google Tag Manager, Google Analytics, PPC Campaign Setup & Management"
4,Data Science & Analytics,Hourly: $10.00 - $30.00,Data Processing Specialist with Palantir and Spark Expertise,Posted 41 minutes ago,https://www.upwork.com/jobs/Data-Processing-Specialist-with-Palantir-and-Spark-Expertise_~021915574116104085417/?referrer_url_path=/nx/search/jobs/,Intermediate,,"Est. time:
1 to 3 months, Less than 30 hrs/week","Apache Spark, Python, Big Data, Apache Hadoop, Data Entry"
5,Data Science & Analytics,Hourly,"Replit, N8N, AI Developer",Posted 53 minutes ago,https://www.upwork.com/jobs/Replit-N8N-Developer_~021915571019593819749/?referrer_url_path=/nx/search/jobs/,Intermediate,,"Est. time:
1 to 3 months, Less than 30 hrs/week","Flask, Artificial Intelligence, Replit, n8n, Laravel, JSON, Machine Learning, Natural Language Processing"
6,Data Science & Analytics,Hourly: $20.00 - $50.00,Power BI Developer Needed for Data Visualization Project,Posted 58 minutes ago,https://www.upwork.com/jobs/Power-Developer-Needed-for-Data-Visualization-Project_~021915569382929660421/?referrer_url_path=/nx/search/jobs/,Entry Level,,"Est. time:
1 to 3 months, Less than 30 hrs/week","Microsoft Power BI, Data Visualization, Tableau, Data Analysis"
7,Data Science & Analytics,Fixed price,"Marketing Analyst – GA4, Clarity, and E-commerce Dashboard",Posted 1 hour ago,https://www.upwork.com/jobs/Marketing-Analyst-GA4-Clarity-and-commerce-Dashboard_~021915566568144988360/?referrer_url_path=/nx/search/jobs/,Intermediate,"Est. budget:
$300.00",,"Google Analytics, Web Design, Web Development, Microsoft Excel, Marketing Strategy"
8,Data Science & Analytics,Fixed price,AI-Powered SQL Insights & Actions Agent,Posted 1 hour ago,https://www.upwork.com/jobs/Powered-SQL-Insights-Actions-Agent_~021915565956682934283/?referrer_url_path=/nx/search/jobs/,Intermediate,"Est. budget:
$150.00",,"Human Resources Analytics, Operations Analytics, Business Intelligence, Dashboard, Data Science"
9,Data Science & Analytics,Hourly,Basque Professional Audit: Detection and Remediation of Errors,Posted 1 hour ago,https://www.upwork.com/jobs/Basque-Professional-Audit-Detection-and-Remediation-Errors_~021915518044101581046/?referrer_url_path=/nx/search/jobs/,Expert,,"Est. time:
3 to 6 months, 30+ hrs/week","Data Science, Data Entry, Data Annotation"
10,Data Science & Analytics,Hourly,Albanian Professional Audit: Detection and Remediation of Errors,Posted 1 hour ago,https://www.upwork.com/jobs/Albanian-Professional-Audit-Detection-and-Remediation-Errors_~021915517360717101573/?referrer_url_path=/nx/search/jobs/,Expert,,"Est. time:
3 to 6 months, 30+ hrs/week","Data Science, Data Entry, Data Annotation"
11,Data Science & Analytics,Hourly,Afrikaans Professional Audit: Detection and Remediation of Errors,Posted 1 hour ago,https://www.upwork.com/jobs/Afrikaans-Professional-Audit-Detection-and-Remediation-Errors_~021915515801146504116/?referrer_url_path=/nx/search/jobs/,Expert,,"Est. time:
3 to 6 months, 30+ hrs/week","Data Science, Data Entry, Data Annotation"
12,Data Science & Analytics,Fixed price,Zapier Automation Expert Needed | ClickUp + Google Sheets + Looker Studio Dashboard Setup,Posted 1 hour ago,https://www.upwork.com/jobs/Zapier-Automation-Expert-Needed-ClickUp-Google-Sheets-Looker-Studio-Dashboard-Setup_~021915556978976548875/?referrer_url_path=/nx/search/jobs/,Intermediate,"Est. budget:
$100.00",,"Zapier, Looker Studio, Google Sheets"
13,Data Science & Analytics,Hourly,Web Scraping and Shopify Data Migration Expert Needed,Posted 1 hour ago,https://www.upwork.com/jobs/Web-Scraping-and-Shopify-Data-Migration-Expert-Needed_~021915554841284911017/?referrer_url_path=/nx/search/jobs/,Intermediate,,"Est. time:
1 to 3 months, Hours to be determined","Data Entry, Shopify, Data Scraping, JavaScript"
14,Data Science & Analytics,Fixed price,Object Recognition Model Development with React UI and Python,Posted 2 hours ago,https://www.upwork.com/jobs/Object-Recognition-Model-Development-with-React-and-Python_~021915549006061304325/?referrer_url_path=/nx/search/jobs/,Intermediate,"Est. budget:
$200.00",,"Python, JavaScript, Machine Learning, TensorFlow, React"
15,Data Science & Analytics,Hourly,Grading and Assessment Feedback Software,Posted 2 hours ago,https://www.upwork.com/jobs/Grading-and-Assessment-Feedback-Software_~021915546487230916808/?referrer_url_path=/nx/search/jobs/,Intermediate,,"Est. time:
1 to 3 months, Less than 30 hrs/week","Artificial Intelligence, Machine Learning, Deep Learning, Natural Language Processing, Computer Vision"
16,Data Science & Analytics,Hourly: $19.00 - $40.00,"AI Backend Engineer for Movie Recommendation App (RAG, Pinecone, OpenAI)",Posted 2 hours ago,https://www.upwork.com/jobs/Backend-Engineer-for-Movie-Recommendation-App-RAG-Pinecone-OpenAI_~021915543686536246196/?referrer_url_path=/nx/search/jobs/,Intermediate,,"Est. time:
1 to 3 months, Less than 30 hrs/week","Natural Language Processing, Python, Machine Learning, Supabase, Web Scraping"
17,Data Science & Analytics,Fixed price,Looker Studio Expert for Automated Meta Ads + Shopify Dashboard (Windsor.ai Integration),Posted 2 hours ago,https://www.upwork.com/jobs/Looker-Studio-Expert-for-Automated-Meta-Ads-Shopify-Dashboard-Windsor-Integration_~021915541928451781556/?referrer_url_path=/nx/search/jobs/,Intermediate,"Est. budget:
$50.00",,"Looker Studio, API, Data Analysis, Shopify, Data Visualization"
18,Data Science & Analytics,Hourly,AI Voice Agent Developer for Roadside Assistance,Posted 3 hours ago,https://www.upwork.com/jobs/Voice-Agent-Developer-for-Roadside-Assistance_~021915538124760489897/?referrer_url_path=/nx/search/jobs/,Expert,,"Est. time:
1 to 3 months, 30+ hrs/week","AI Development, Natural Language Processing, Artificial Intelligence, Machine Learning, Python"
19,Data Science & Analytics,Fixed price,AI/ML Developer Needed – Automate Door/Window Schedule Extraction from Construction PDFs,Posted 3 hours ago,https://www.upwork.com/jobs/Developer-Needed-Automate-Door-Window-Schedule-Extraction-from-Construction-PDFs_~021915535239761638324/?referrer_url_path=/nx/search/jobs/,Intermediate,"Est. budget:
$500.00",,"Python, Computer Vision, Tesseract OCR, Image Processing, OpenCV, Data Scraping, Automation"
20,Data Science & Analytics,Hourly: $3.00 - $100.00,ETL Developer Needed for Data Warehouse Integration,Posted 3 hours ago,https://www.upwork.com/jobs/ETL-Developer-Needed-for-Data-Warehouse-Integration_~021915534119373465800/?referrer_url_path=/nx/search/jobs/,Intermediate,,"Est. time:
1 to 3 months, Less than 30 hrs/week","Data Engineering, ETL Pipeline, SQL, Python, Business Intelligence, Data Warehousing, Automation"
21,Data Science & Analytics,Hourly: $100.00 - $124.00,PowerBI and OData Developer,Posted 3 hours ago,https://www.upwork.com/jobs/PowerBI-and-OData-Developer_~021915532371126137780/?referrer_url_path=/nx/search/jobs/,Expert,,"Est. time:
1 to 3 months, Less than 30 hrs/week","Microsoft Power BI, Data Analysis, Data Modeling, Business Intelligence, Microsoft Power BI Data Visualization"
22,Data Science & Analytics,Hourly: $20.00 - $50.00,Thai Speaking Social & Search Data Analyst for Antiseptic Brand,Posted 3 hours ago,https://www.upwork.com/jobs/Thai-Speaking-Social-Search-Data-Analyst-for-Antiseptic-Brand_~021915487376260897015/?referrer_url_path=/nx/search/jobs/,Intermediate,,"Est. time:
Less than 1 month, Not sure","Data Analysis, Marketing Analytics, Analytical Presentation, Exploratory Data Analysis, Analytics"
23,Data Science & Analytics,Hourly,Need Experienced Data Scientist who is familiar with ATS and Building DS application,Posted 3 hours ago,https://www.upwork.com/jobs/Need-Experienced-Data-Scientist-who-familiar-with-ATS-and-Building-application_~021915532578809641477/?referrer_url_path=/nx/search/jobs/,Intermediate,,"Est. time:
Less than 1 month, Less than 30 hrs/week","BigQuery, Business Intelligence, Python, Google Tag Manager, Data Analysis, Dashboard"
24,Data Science & Analytics,Hourly: $20.00 - $50.00,Malay/Bahasa Speaking Social & Search Data Analyst for Antiseptic Brand,Posted 3 hours ago,https://www.upwork.com/jobs/Malay-Bahasa-Speaking-Social-Search-Data-Analyst-for-Antiseptic-Brand_~021915486315305772645/?referrer_url_path=/nx/search/jobs/,Intermediate,,"Est. time:
Less than 1 month, Not sure","Data Analysis, Marketing Analytics, Analytical Presentation, Exploratory Data Analysis, Analytics, Malay"
25,Data Science & Analytics,Hourly,PDF Stamping of Email Attachments,Posted 3 hours ago,https://www.upwork.com/jobs/PDF-Stamping-Email-Attachments_~021915530140597971144/?referrer_url_path=/nx/search/jobs/,Intermediate,,"Est. time:
Less than 1 month, Less than 30 hrs/week","Microsoft Power BI, Alteryx, Inc., Data Science, Data Analysis"
26,Data Science & Analytics,Hourly: $15.00 - $35.00,Desktop data scrapper,Posted 3 hours ago,https://www.upwork.com/jobs/Desktop-data-scrapper_~021915529448721031081/?referrer_url_path=/nx/search/jobs/,Expert,,"Est. time:
1 to 3 months, Less than 30 hrs/week","Data Scraping, Data Extraction"
27,Data Science & Analytics,Hourly: $30.00 - $60.00,Senior Data Scientist,Posted yesterday,https://www.upwork.com/jobs/Senior-Data-Scientist_~021915524613463094196/?referrer_url_path=/nx/search/jobs/,Expert,,"Est. time:
3 to 6 months, 30+ hrs/week","SQL, Python, Data Science, Machine Learning, BigQuery, TensorFlow"
28,Data Science & Analytics,Fixed price,Real Estate Data Processing System Proof of Concept,Posted yesterday,https://www.upwork.com/jobs/Real-Estate-Data-Processing-System-Proof-Concept_~021915523994703962025/?referrer_url_path=/nx/search/jobs/,Intermediate,"Est. budget:
$3,500.00",,"Microsoft Excel, Data Entry, Graphic Design"
29,Data Science & Analytics,Hourly,generate medical notes using the AI,Posted yesterday,https://www.upwork.com/jobs/generate-medical-notes-using-the_~021915523645249958836/?referrer_url_path=/nx/search/jobs/,Intermediate,,"Est. time:
Less than 1 month, Less than 30 hrs/week","Machine Learning Model, AI Model Development, Data Augmentation, Data Science, Data Preprocessing"
30,Data Science & Analytics,Hourly: $15.00 - $50.00,Data Analysis Expert Needed for SPSS Project,Posted yesterday,https://www.upwork.com/jobs/Data-Analysis-Expert-Needed-for-SPSS-Project_~021915523255892718516/?referrer_url_path=/nx/search/jobs/,Intermediate,,"Est. time:
1 to 3 months, Less than 30 hrs/week","IBM SPSS, Data Analysis, Statistics, Microsoft Excel, Quantitative Analysis"
31,Data Science & Analytics,Hourly,AI-based Fashion Photo Session Generator (PoC),Posted yesterday,https://www.upwork.com/jobs/based-Fashion-Photo-Session-Generator-PoC_~021915522453137858473/?referrer_url_path=/nx/search/jobs/,Expert,,"Est. time:
3 to 6 months, 30+ hrs/week","Claude, Python, Fashion & Beauty, Flux"
32,Data Science & Analytics,Hourly: $15.00 - $35.00,Amazon SP-API Order Data Integration with BigQuery,Posted yesterday,https://www.upwork.com/jobs/Amazon-API-Order-Data-Integration-with-BigQuery_~021915521880544059305/?referrer_url_path=/nx/search/jobs/,Intermediate,,"Est. time:
Less than 1 month, Less than 30 hrs/week","BigQuery, Python, API, PHP, Amazon Web Services, API Integration"
33,Data Science & Analytics,Hourly: $30.00 - $60.00,Looker Studio Financial Report,Posted yesterday,https://www.upwork.com/jobs/Looker-Studio-Financial-Report_~021915520876760201733/?referrer_url_path=/nx/search/jobs/,Expert,,"Est. time:
Less than 1 month, Less than 30 hrs/week","Looker Studio, Financial Analysis, Data Visualization"
34,Data Science & Analytics,Hourly,AI/ML Technical Content Advisor for Data Labeling & GenAI,Posted yesterday,https://www.upwork.com/jobs/Technical-Content-Advisor-for-Data-Labeling-GenAI_~021915520663570948009/?referrer_url_path=/nx/search/jobs/,Expert,,"Est. time:
1 to 3 months, Less than 30 hrs/week","Machine Learning, Artificial Intelligence, Data Science, Deep Learning"
35,Data Science & Analytics,Hourly,Belarusian Professional Audit: Detection and Remediation of Errors,Posted yesterday,https://www.upwork.com/jobs/Belarusian-Professional-Audit-Detection-and-Remediation-Errors_~021915519221096446469/?referrer_url_path=/nx/search/jobs/,Expert,,"Est. time:
3 to 6 months, 30+ hrs/week","Data Science, Data Entry, Data Annotation"
36,Data Science & Analytics,Hourly: $15.00 - $50.00,Data analytics tutoring,Posted yesterday,https://www.upwork.com/jobs/Data-analytics-tutoring_~021915518882643613942/?referrer_url_path=/nx/search/jobs/,Intermediate,,"Est. time:
3 to 6 months, Less than 30 hrs/week",
37,Data Science & Analytics,Hourly,Arcgis maps,Posted yesterday,https://www.upwork.com/jobs/Arcgis-maps_~021915512582189098597/?referrer_url_path=/nx/search/jobs/,Intermediate,,"Est. time:
Less than 1 month, Less than 30 hrs/week",
38,Data Science & Analytics,Hourly: $70.00 - $100.00,Power Query Developer with API Integration Experience (Bill.com API – GET Requests,Posted yesterday,https://www.upwork.com/jobs/Power-Query-Developer-with-API-Integration-Experience-Bill-com-API-GET-Requests_~021915513358104207273/?referrer_url_path=/nx/search/jobs/,Expert,,"Est. time:
Less than 1 month, Less than 30 hrs/week","Microsoft Excel, Power Query, Data Visualization, API, API Development, API Integration, JSON API"
39,Data Science & Analytics,Hourly: $10.00 - $30.00,Looking for AI Expert to Build & Train Custom GPT for TikTok Content (Hooks + Hashtags),Posted yesterday,https://www.upwork.com/jobs/Looking-for-Expert-Build-Train-Custom-GPT-for-TikTok-Content-Hooks-Hashtags_~021915511891351904169/?referrer_url_path=/nx/search/jobs/,Intermediate,,"Est. time:
Less than 1 month, Less than 30 hrs/week","Chatbot Prompt, Artificial Intelligence, ChatGPT, ChatGPT Prompt"
40,Data Science & Analytics,Hourly: $20.00 - $20.00,Build Custom Looker Studio Dashboards,Posted yesterday,https://www.upwork.com/jobs/Build-Custom-Looker-Studio-Dashboards_~021915511464490367493/?referrer_url_path=/nx/search/jobs/,Intermediate,,"Est. time:
1 to 3 months, Less than 30 hrs/week","Dashboard, Looker Studio, Data Visualization, BigQuery, Google Ads"
41,Data Science & Analytics,Hourly: $20.00 - $20.00,R analysis for business,Posted yesterday,https://www.upwork.com/jobs/analysis-for-business_~021915511317817891062/?referrer_url_path=/nx/search/jobs/,Intermediate,,"Est. time:
1 to 3 months, Less than 30 hrs/week","R, Statistics, Data Analysis"
42,Data Science & Analytics,Hourly,"Expert SQL & PowerBI Reports Contractor: Advanced Query Writing, Powerquery, DAX & Design",Posted yesterday,https://www.upwork.com/jobs/Expert-SQL-PowerBI-Reports-Contractor-Advanced-Query-Writing-Powerquery-DAX-Design_~021915510625488614324/?referrer_url_path=/nx/search/jobs/,Expert,,"Est. time:
3 to 6 months, Less than 30 hrs/week","Dashboard, Microsoft Power BI Data Visualization, Microsoft Power BI, SQL, Data Visualization"
43,Data Science & Analytics,Hourly: $7.00 - $20.00,Clay.com Consultant,Posted yesterday,https://www.upwork.com/jobs/Clay-com-Consultant_~021915509977226057974/?referrer_url_path=/nx/search/jobs/,Expert,,"Est. time:
Less than 1 month, Less than 30 hrs/week","Data Mining, Data Scraping, List Building, Lead Generation, Online Research, Data Entry"
44,Data Science & Analytics,Hourly: $30.00 - $60.00,Consultant AI Video,Posted yesterday,https://www.upwork.com/jobs/Consultant-Video_~021915509202962423721/?referrer_url_path=/nx/search/jobs/,Expert,,"Est. time:
Less than 1 month, Less than 30 hrs/week","Artificial Intelligence, Graphic Design"
45,Data Science & Analytics,Hourly: $15.00 - $45.00,Python Developer – Realtor.com Scraper + Google Sheets + GHL Integration,Posted yesterday,https://www.upwork.com/jobs/Python-Developer-Realtor-com-Scraper-Google-Sheets-GHL-Integration_~021915508376515392436/?referrer_url_path=/nx/search/jobs/,Expert,,"Est. time:
Less than 1 month, Less than 30 hrs/week",Web Scraping
46,Data Science & Analytics,Fixed price,Web Data Scraping and Excel Integration Specialist,Posted yesterday,https://www.upwork.com/jobs/Web-Data-Scraping-and-Excel-Integration-Specialist_~021915506704657429428/?referrer_url_path=/nx/search/jobs/,Intermediate,"Est. budget:
$100.00",,"Microsoft Excel, Data Scraping, Data Mining, Python"
47,Data Science & Analytics,Fixed price,Excel Preventive Maintenance Workbook for Power Plant,Posted yesterday,https://www.upwork.com/jobs/Excel-Preventive-Maintenance-Workbook-for-Power-Plant_~021915502919805580212/?referrer_url_path=/nx/search/jobs/,Intermediate,"Est. budget:
$100.00",,"Microsoft Excel, Visual Basic for Applications, Data Entry"
48,Data Science & Analytics,Fixed price,Fix Looker studio issues on dashboard,Posted yesterday,https://www.upwork.com/jobs/Fix-Looker-studio-issues-dashboard_~021915500895033031173/?referrer_url_path=/nx/search/jobs/,Intermediate,"Est. budget:
$10.00",,"Dashboard, Business Intelligence, Looker Studio"
49,Data Science & Analytics,Hourly,Shopify Front End Coder,Posted yesterday,https://www.upwork.com/jobs/Shopify-Front-End-Coder_~021915500796960759773/?referrer_url_path=/nx/search/jobs/,Intermediate,,"Est. time:
Less than 1 month, Less than 30 hrs/week","Python, Machine Learning, TensorFlow, Node.js, Vue.js, JavaScript, MySQL, OpenAI API"
50,Data Science & Analytics,Hourly: $16.00 - $20.00,API Development for Mass Scraping of doctor lookup and verification websites,Posted yesterday,https://www.upwork.com/jobs/API-Development-for-Mass-Scraping-doctor-lookup-and-verification-websites_~021915499258449164805/?referrer_url_path=/nx/search/jobs/,Intermediate,,"Est. time:
1 to 3 months, Not sure","Puppeteer, API Integration, Data Scraping, Data Mining, API, TypeScript, Data Extraction, Python"
51,"Web, Mobile & Software Dev",Hourly,Senior Shopify Frontend Developer Required,Posted in 2 minutes,https://www.upwork.com/jobs/Senior-Shopify-Frontend-Developer-Required_~021915585362060713897/?referrer_url_path=/nx/search/jobs/,Expert,,"Est. time:
1 to 3 months, Less than 30 hrs/week","Shopify Plus, Liquid, Shopify, CSS, Tailwind CSS"
52,"Web, Mobile & Software Dev",Hourly: $25.00 - $47.00,Senior UX Designer,Posted 36 seconds ago,https://www.upwork.com/jobs/Senior-Designer_~021915584468147250789/?referrer_url_path=/nx/search/jobs/,Expert,,"Est. time:
More than 6 months, 30+ hrs/week","Software Design, Interaction Design, App Design, User Interface Design, Mockup, User Experience Design"
53,"Web, Mobile & Software Dev",Fixed price,AI based Website Chatbot,Posted 1 minute ago,https://www.upwork.com/jobs/based-Website-Chatbot_~021915584243717831173/?referrer_url_path=/nx/search/jobs/,Expert,"Est. budget:
$400.00",,"WordPress Development, n8n, OpenAI API"
54,"Web, Mobile & Software Dev",Hourly: $12.00 - $30.00,Mobile App & E-commerce Website Development for Fresh Produce Delivery,Posted 2 minutes ago,https://www.upwork.com/jobs/Mobile-App-commerce-Website-Development-for-Fresh-Produce-Delivery_~021915583906617944076/?referrer_url_path=/nx/search/jobs/,Intermediate,,"Est. time:
1 to 3 months, Less than 30 hrs/week","Web Development, Shopify, iOS, Web Design, Android"
55,"Web, Mobile & Software Dev",Hourly: $25.00 - $47.00,Senior Full-Stack Developer Needed for AI-Powered RFP Automation Platform,Posted 4 minutes ago,https://www.upwork.com/jobs/Senior-Full-Stack-Developer-Needed-for-Powered-RFP-Automation-Platform_~021915583561145706507/?referrer_url_path=/nx/search/jobs/,Expert,,"Est. time:
3 to 6 months, Less than 30 hrs/week","Python, JavaScript, API, API Integration, Amazon Web Services"
56,"Web, Mobile & Software Dev",Hourly,Looking for a Webflow Developer,Posted 4 minutes ago,https://www.upwork.com/jobs/Looking-for-Webflow-Developer_~021915583149798863796/?referrer_url_path=/nx/search/jobs/,Intermediate,,"Est. time:
More than 6 months, 30+ hrs/week","Figma, Webflow, Web Development, JavaScript, Zapier, Website"
57,"Web, Mobile & Software Dev",Hourly: $15.00 - $35.00,Custom Integration Development: REDCap Dataverse & Docupilot,Posted 5 minutes ago,https://www.upwork.com/jobs/Custom-Integration-Development-REDCap-Dataverse-Docupilot_~021915583341937106857/?referrer_url_path=/nx/search/jobs/,Intermediate,,"Est. time:
1 to 3 months, Less than 30 hrs/week","API, API Integration, Database Architecture"
58,"Web, Mobile & Software Dev",Hourly: $10.00 - $25.00,Weekend Help Needed for Score App Software Setup,Posted 7 minutes ago,https://www.upwork.com/jobs/Weekend-Help-Needed-for-Score-App-Software-Setup_~021915582831207920564/?referrer_url_path=/nx/search/jobs/,Intermediate,,"Est. time:
Less than 1 month, Less than 30 hrs/week","WordPress, HTML, Web Development"
59,"Web, Mobile & Software Dev",Fixed price,[$250] Workspace - Error when deleting a workspace with Expensify Cards is not translated into Spanish. #60565 - Expensify,Posted 7 minutes ago,https://www.upwork.com/jobs/250-Workspace-Error-when-deleting-workspace-with-Expensify-Cards-not-translated-into-Spanish-60565-Expensify_~021915582466465397253/?referrer_url_path=/nx/search/jobs/,Intermediate,"Est. budget:
$250.00",,
60,"Web, Mobile & Software Dev",Fixed price,Web Designer Needed For Copying A Website,Posted 9 minutes ago,https://www.upwork.com/jobs/Web-Designer-Needed-For-Copying-Website_~021915582334353209861/?referrer_url_path=/nx/search/jobs/,Expert,"Est. budget:
$200.00",,"Web Design, Web Development"
61,"Web, Mobile & Software Dev",Hourly,HTML & CSS Developer for GitHub Projects,Posted 10 minutes ago,https://www.upwork.com/jobs/HTML-CSS-Developer-for-GitHub-Projects_~021915582001447626763/?referrer_url_path=/nx/search/jobs/,Intermediate,,"Est. time:
1 to 3 months, Less than 30 hrs/week","CSS, HTML, HTML5, JavaScript, CSS 3"
62,"Web, Mobile & Software Dev",Hourly: $25.00 - $35.00,Cart Design,Posted 10 minutes ago,https://www.upwork.com/jobs/Cart-Design_~021915581970920962565/?referrer_url_path=/nx/search/jobs/,Entry Level,,"Est. time:
Less than 1 month, Less than 30 hrs/week","CSS, Graphic Design, ClickBank, Web Design, Web Development"
63,"Web, Mobile & Software Dev",Hourly: $65.00 - $80.00,SharePoint Online UI Expert Needed – Customize Classic Page List Form with Collapsible Sections,Posted 10 minutes ago,https://www.upwork.com/jobs/SharePoint-Online-Expert-Needed-Customize-Classic-Page-List-Form-with-Collapsible-Sections_~021915581878399330315/?referrer_url_path=/nx/search/jobs/,Expert,,"Est. time:
Less than 1 month, Less than 30 hrs/week","CSS, HTML, Microsoft SharePoint Development, Microsoft SharePoint, JavaScript"
64,"Web, Mobile & Software Dev",Hourly: $10.00 - $20.00,Optimize the performance of my Wordpress ecommerce site and Amazon APIs / Deals being pulled in WP,Posted 11 minutes ago,https://www.upwork.com/jobs/Optimize-the-performance-Wordpress-ecommerce-site-and-Amazon-APIs-Deals-being-pulled_~021915581810056821253/?referrer_url_path=/nx/search/jobs/,Expert,,"Est. time:
Less than 1 month, Less than 30 hrs/week","Ecommerce Performance Optimization, WordPress, Amazon Web Services, Amazon API Gateway"
65,"Web, Mobile & Software Dev",Hourly,Technical Co-Founder — Bubble + Full Stack (Equity-Only),Posted 15 minutes ago,https://www.upwork.com/jobs/Technical-Founder-Bubble-Full-Stack-Equity-Only_~021915580721519145908/?referrer_url_path=/nx/search/jobs/,Expert,,"Est. time:
More than 6 months, 30+ hrs/week",Database Management
66,"Web, Mobile & Software Dev",Fixed price,[$250] Chat - Searching manager_mctest@expensify.com displays invalid email id in invite member section #60620 - Expensify,Posted 16 minutes ago,https://www.upwork.com/jobs/250-Chat-Searching-manager_mctest-expensify-com-displays-invalid-email-invite-member-section-60620-Expensify_~021915580384105537449/?referrer_url_path=/nx/search/jobs/,Intermediate,"Est. budget:
$250.00",,
67,"Web, Mobile & Software Dev",Fixed price,Fix CPT UI & Content Views Filters + Set Up New Website Taxonomies,Posted 16 minutes ago,https://www.upwork.com/jobs/Fix-CPT-Content-Views-Filters-Set-New-Website-Taxonomies_~021915580454480393140/?referrer_url_path=/nx/search/jobs/,Intermediate,"Est. budget:
$80.00",,"Advanced Custom Fields Plugin, WordPress, Taxonomy"
68,"Web, Mobile & Software Dev",Hourly: $15.00 - $35.00,Automation Expert Needed for ERPNext RFQ System,Posted 17 minutes ago,https://www.upwork.com/jobs/Automation-Expert-Needed-for-ERPNext-RFQ-System_~021915580202943787956/?referrer_url_path=/nx/search/jobs/,Intermediate,,"Est. time:
1 to 3 months, Less than 30 hrs/week","Python, JavaScript, Web Development, PHP, Automation"
69,"Web, Mobile & Software Dev",Fixed price,GHL Website Designer for Personal Brand & Career Tools Business,Posted 18 minutes ago,https://www.upwork.com/jobs/GHL-Website-Designer-for-Personal-Brand-Career-Tools-Business_~021915579998612421125/?referrer_url_path=/nx/search/jobs/,Intermediate,"Est. budget:
$750.00",,"User Experience Design, Landing Page, Web Design, Graphic Design, Stripe, Layout Design"
70,"Web, Mobile & Software Dev",Fixed price,Realtime Lip-Sync Model Development,Posted 20 minutes ago,https://www.upwork.com/jobs/Realtime-Lip-Sync-Model-Development_~021915579466615290373/?referrer_url_path=/nx/search/jobs/,Intermediate,"Est. budget:
$100.00",,"Python, Deep Learning, Computer Vision"
71,"Web, Mobile & Software Dev",Hourly: $15.00 - $30.00,Squarespace Website Designer Needed! Automotive Repair Facility,Posted 21 minutes ago,https://www.upwork.com/jobs/Squarespace-Website-Designer-Needed-Automotive-Repair-Facility_~021915579297326445492/?referrer_url_path=/nx/search/jobs/,Intermediate,,"Est. time:
Less than 1 month, Hours to be determined","Website Redesign, HTML, CSS, GoDaddy, Website Migration, Web Development, Figma"
72,"Web, Mobile & Software Dev",Fixed price,Website Contract Form Fixing Needed,Posted 21 minutes ago,https://www.upwork.com/jobs/Website-Contract-Form-Fixing-Needed_~021915579261589322245/?referrer_url_path=/nx/search/jobs/,Intermediate,"Est. budget:
$15.00",,"WordPress, JavaScript, Web Development, HTML, Web Design"
73,"Web, Mobile & Software Dev",Hourly,WordPress Expert Needed for Luxury Travel Website,Posted 21 minutes ago,https://www.upwork.com/jobs/WordPress-Expert-Needed-for-Luxury-Travel-Website_~021915579251854862347/?referrer_url_path=/nx/search/jobs/,Intermediate,,"Est. time:
1 to 3 months, Less than 30 hrs/week","WordPress, Web Development, Web Design, CSS, Search Engine Optimization"
74,"Web, Mobile & Software Dev",Fixed price,Website Development for Wedding Planner,Posted 21 minutes ago,https://www.upwork.com/jobs/Website-Development-for-Wedding-Planner_~021915579144870892060/?referrer_url_path=/nx/search/jobs/,Intermediate,"Est. budget:
$85.00",,"Graphic Design, Web Development, Web Design, Adobe Photoshop, WordPress"
75,"Web, Mobile & Software Dev",Hourly,Senior Full Stack Developer with Angular & GraphQL Expertise,Posted 22 minutes ago,https://www.upwork.com/jobs/Senior-Full-Stack-Developer-with-Angular-GraphQL-Expertise_~021915578935733844485/?referrer_url_path=/nx/search/jobs/,Expert,,"Est. time:
1 to 3 months, Less than 30 hrs/week","JavaScript, AngularJS, GraphQL, TypeScript, CSS"
76,"Web, Mobile & Software Dev",Fixed price,"Website Polish, Fixes & Content Additions",Posted 22 minutes ago,https://www.upwork.com/jobs/Website-Polish-Fixes-Content-Additions_~021915578919495152564/?referrer_url_path=/nx/search/jobs/,Expert,"Est. budget:
$30.00",,"WordPress, Web Design, Search Engine Optimization, Landing Page, Content Writing, Web Development"
77,"Web, Mobile & Software Dev",Hourly: $25.00 - $47.00,Create Custom Figma Plug-In,Posted 23 minutes ago,https://www.upwork.com/jobs/Create-Custom-Figma-Plug_~021915578790433595305/?referrer_url_path=/nx/search/jobs/,Expert,,"Est. time:
1 to 3 months, Less than 30 hrs/week","JavaScript, HTML, Web Development, API"
78,"Web, Mobile & Software Dev",Hourly: $55.00 - $55.00,"Looking for a React front end developer, vue frontend developer",Posted 23 minutes ago,https://www.upwork.com/jobs/Looking-for-React-front-end-developer-vue-frontend-developer_~021915578639390090853/?referrer_url_path=/nx/search/jobs/,Expert,,"Est. time:
1 to 3 months, Less than 30 hrs/week","AngularJS, Front-End Development, Adobe Photoshop, Next.js, Agile Software Development, Shopify, Vuex"
79,"Web, Mobile & Software Dev",Fixed price,Design a Killer Landing Page for a Bold DFY Brand (No Boring Templates Allowed),Posted 24 minutes ago,https://www.upwork.com/jobs/Design-Killer-Landing-Page-for-Bold-DFY-Brand-Boring-Templates-Allowed_~021915578372771820468/?referrer_url_path=/nx/search/jobs/,Expert,"Est. budget:
$550.00",,"Landing Page, Web Design, Graphic Design"
80,"Web, Mobile & Software Dev",Hourly,Web Developer for Investment Platform,Posted 26 minutes ago,https://www.upwork.com/jobs/Web-Developer-for-Investment-Platform_~021915577846024464584/?referrer_url_path=/nx/search/jobs/,Expert,,"Est. time:
1 to 3 months, Less than 30 hrs/week","Web Application, Full-Stack Development, PostgreSQL, JavaScript"
81,"Web, Mobile & Software Dev",Fixed price,Website Migration from Lovable.dev to Shopify,Posted 27 minutes ago,https://www.upwork.com/jobs/Website-Migration-from-Lovable-dev-Shopify_~021915577749523411892/?referrer_url_path=/nx/search/jobs/,Intermediate,"Est. budget:
$150.00",,"Shopify, Web Development, Shopify Templates, HTML, CSS"
82,"Web, Mobile & Software Dev",Fixed price,Figma to Flutter UI Conversion with Mock REST APIs,Posted 28 minutes ago,https://www.upwork.com/jobs/Figma-Flutter-Conversion-with-Mock-REST-APIs_~021915577352929503432/?referrer_url_path=/nx/search/jobs/,Intermediate,"Est. budget:
$700.00",,"Mobile App Design, Mockup, Flutter, Figma, React, JavaScript, Prototyping, UX & UI, Dart"
83,"Web, Mobile & Software Dev",Fixed price,[US Only] Android Mobile App Testing,Posted 30 minutes ago,https://www.upwork.com/jobs/Only-Android-Mobile-App-Testing_~021915576617101781192/?referrer_url_path=/nx/search/jobs/,Entry Level,"Est. budget:
$5.00",,"Android, Mobile App Testing, Manual Testing"
84,"Web, Mobile & Software Dev",Fixed price,Integrate Mapping on existing website,Posted 32 minutes ago,https://www.upwork.com/jobs/Integrate-Mapping-existing-website_~021915576530232221609/?referrer_url_path=/nx/search/jobs/,Intermediate,"Est. budget:
$150.00",,"Website, Web Application, WordPress"
85,"Web, Mobile & Software Dev",Fixed price,Website Fixes with Payment Gateway Experience Needed,Posted 32 minutes ago,https://www.upwork.com/jobs/Website-Fixes-with-Payment-Gateway-Experience-Needed_~021915576450403203589/?referrer_url_path=/nx/search/jobs/,Expert,"Est. budget:
$150.00",,"WordPress, PHP, WooCommerce, Web Development"
86,"Web, Mobile & Software Dev",Fixed price,Expert Figma Designer Needed for High-Converting Landing Pages,Posted 35 minutes ago,https://www.upwork.com/jobs/Expert-Figma-Designer-Needed-for-High-Converting-Landing-Pages_~021915575692001737221/?referrer_url_path=/nx/search/jobs/,Expert,"Est. budget:
$100.00",,"Landing Page, Figma, Web Design, Mockup, Wireframing"
87,"Web, Mobile & Software Dev",Hourly,API specialist must know Postman,Posted 35 minutes ago,https://www.upwork.com/jobs/API-specialist-must-know-Postman_~021915575608287623685/?referrer_url_path=/nx/search/jobs/,Intermediate,,"Est. time:
1 to 3 months, Less than 30 hrs/week","PostgreSQL, Python, HTML, API, API Development, API Integration, Web Development"
88,"Web, Mobile & Software Dev",Hourly: $12.00 - $27.00,Shopify Expert Needed to Optimize Website & Fix Product Links for Amazonian Wellness Brand,Posted 38 minutes ago,https://www.upwork.com/jobs/Shopify-Expert-Needed-Optimize-Website-Fix-Product-Links-for-Amazonian-Wellness-Brand_~021915574930594608052/?referrer_url_path=/nx/search/jobs/,Intermediate,,"Est. time:
1 to 3 months, Less than 30 hrs/week",
89,"Web, Mobile & Software Dev",Hourly: $30.00 - $80.00,V0 debugging help (v0 / supabase / zapier),Posted 40 minutes ago,https://www.upwork.com/jobs/debugging-help-supabase-zapier_~021915574465472831401/?referrer_url_path=/nx/search/jobs/,Expert,,"Est. time:
Less than 1 month, Less than 30 hrs/week","Zapier, Supabase, Vercel"
90,"Web, Mobile & Software Dev",Fixed price,Ai Automation (Make Automation + Vapi ),Posted 41 minutes ago,https://www.upwork.com/jobs/Automation-Make-Automation-Vapi_~021915574140700654085/?referrer_url_path=/nx/search/jobs/,Intermediate,"Est. budget:
$400.00",,"Make.com, Zapier, n8n, Automation, API Integration"
91,"Web, Mobile & Software Dev",Hourly: $15.00 - $35.00,UX design for Conversational AI product (Audio & Video based),Posted 49 minutes ago,https://www.upwork.com/jobs/design-for-Conversational-product-Audio-Video-based_~021915572139845839048/?referrer_url_path=/nx/search/jobs/,Expert,,"Est. time:
Less than 1 month, Less than 30 hrs/week","Mockup, Landing Page, Website Redesign, Graphic Design"
92,"Web, Mobile & Software Dev",Fixed price,"TOP Flutter Developer? (Front End, UI-Focus, Supabase Integration, Bloc/Clean)",Posted 50 minutes ago,https://www.upwork.com/jobs/TOP-Flutter-Developer-Front-End-Focus-Supabase-Integration-Bloc-Clean_~021915571997057818537/?referrer_url_path=/nx/search/jobs/,Expert,"Est. budget:
$4,000.00",,"Dart, Hybrid App Development, API Integration, SQLite, User Authentication, User Profile Creation, Flutter"
93,"Web, Mobile & Software Dev",Fixed price,Website Development for Author Portfolio,Posted 51 minutes ago,https://www.upwork.com/jobs/Website-Development-for-Author-Portfolio_~021915571699943041224/?referrer_url_path=/nx/search/jobs/,Intermediate,"Est. budget:
$400.00",,"WordPress, Web Design, Web Development, HTML, CSS"
94,"Web, Mobile & Software Dev",Fixed price,Shopify Web Designer Needed for E-commerce Store,Posted 52 minutes ago,https://www.upwork.com/jobs/Shopify-Web-Designer-Needed-for-commerce-Store_~021915571292962829236/?referrer_url_path=/nx/search/jobs/,Intermediate,"Est. budget:
$180.00",,"Shopify, Web Design, Web Development, Shopify Templates, WooCommerce"
95,"Web, Mobile & Software Dev",Hourly: $20.00 - $40.00,Shopify Site Performance Evaluation Expert Needed,Posted 54 minutes ago,https://www.upwork.com/jobs/Shopify-Site-Performance-Evaluation-Expert-Needed_~021915570927296389033/?referrer_url_path=/nx/search/jobs/,Expert,,"Est. time:
Less than 1 month, Less than 30 hrs/week","Shopify, Web Development, JavaScript, Web Design, WordPress"
96,"Web, Mobile & Software Dev",Fixed price,Online Ordering Payment Integration Specialist Needed,Posted 54 minutes ago,https://www.upwork.com/jobs/Online-Ordering-Payment-Integration-Specialist-Needed_~021915484475057315753/?referrer_url_path=/nx/search/jobs/,Intermediate,"Est. budget:
$50.00",,"PHP, Web Development, Shopify, WooCommerce, WordPress"
97,"Web, Mobile & Software Dev",Hourly: $12.00 - $25.00,Basic Computer Functions Tutoring: Windows and More,Posted 59 minutes ago,https://www.upwork.com/jobs/Basic-Computer-Functions-Tutoring-Windows-and-More_~021915569746676639944/?referrer_url_path=/nx/search/jobs/,Entry Level,,"Est. time:
Less than 1 month, Less than 30 hrs/week","C++, Desktop Application, Microsoft Windows, Standalone Application, C#"
98,"Web, Mobile & Software Dev",Hourly,"Power Automate Flow Development for Planner, SharePoint, and Teams",Posted 59 minutes ago,https://www.upwork.com/jobs/Power-Automate-Flow-Development-for-Planner-SharePoint-and-Teams_~021915569545817109428/?referrer_url_path=/nx/search/jobs/,Intermediate,,"Est. time:
1 to 3 months, Less than 30 hrs/week","Microsoft Power Automate, Microsoft SharePoint Development, Office 365, Microsoft SharePoint"
99,"Web, Mobile & Software Dev",Fixed price,Web Developer Needed for Robux Delivery Automation,Posted 1 hour ago,https://www.upwork.com/jobs/Web-Developer-Needed-for-Robux-Delivery-Automation_~021915568942465487388/?referrer_url_path=/nx/search/jobs/,Expert,"Est. budget:
$250.00",,"WordPress, Web Development, JavaScript, PHP, HTML"
100,"Web, Mobile & Software Dev",Fixed price,Build and Manage a Fully Passive Niche Website Leasing Business,Posted 1 hour ago,https://www.upwork.com/jobs/Build-and-Manage-Fully-Passive-Niche-Website-Leasing-Business_~021915568123917199560/?referrer_url_path=/nx/search/jobs/,Expert,"Est. budget:
$2,000.00",,"Search Engine Optimization, WordPress, Web Development, Digital Marketing, Lead Generation, Project Management"
101,IT & NETWORKING,Hourly: $15.00 - $50.00,Rails + React App Setup with Dockerization and Deployment,Posted 4 minutes ago,https://www.upwork.com/jobs/Rails-React-App-Setup-with-Dockerization-and-Deployment_~021915583669131737605/?referrer_url_path=/nx/search/jobs/,Intermediate,,"Est. time:
1 to 3 months, Not sure","CI/CD, DevOps, Amazon Web Services, Docker, Deployment Automation"
102,IT & NETWORKING,Hourly,Zoho Developer,Posted 11 minutes ago,https://www.upwork.com/jobs/Zoho-Developer_~021915581932087554996/?referrer_url_path=/nx/search/jobs/,Intermediate,,"Est. time:
Less than 1 month, Less than 30 hrs/week","API Integration, Zoho Analytics, Zoho Creator, Zoho CRM, Zoho Books, Zoho Platform"
103,IT & NETWORKING,Hourly,Zoho Creator Developer,Posted 21 minutes ago,https://www.upwork.com/jobs/Zoho-Creator-Developer_~021915579410530710452/?referrer_url_path=/nx/search/jobs/,Intermediate,,"Est. time:
Less than 1 month, Less than 30 hrs/week","Zoho Analytics, Zoho CRM, CRM Automation, CRM Development, Zoho Desk, Zoho Creator"
104,IT & NETWORKING,Hourly,MQ Support,Posted 49 minutes ago,https://www.upwork.com/jobs/Support_~021915572262746005417/?referrer_url_path=/nx/search/jobs/,Expert,,"Est. time:
More than 6 months, Less than 30 hrs/week","Web Service, Amazon Web Services, Java, RESTful Architecture, Penetration Testing, Information Security"
105,IT & NETWORKING,Hourly: $25.00 - $75.00,Juniper QFX Experts - Datacenter and Cloud focus,Posted 1 hour ago,https://www.upwork.com/jobs/Juniper-QFX-Experts-Datacenter-and-Cloud-focus_~021915569290055346376/?referrer_url_path=/nx/search/jobs/,Expert,,"Est. time:
3 to 6 months, 30+ hrs/week","Network Design, Network Monitoring, Network Engineering, Network Administration, System Administration"
106,IT & NETWORKING,Hourly,Voice Recording Project for European English Speakers,Posted 1 hour ago,https://www.upwork.com/jobs/Voice-Recording-Project-for-European-English-Speakers_~021915515989941197046/?referrer_url_path=/nx/search/jobs/,Entry Level,,"Est. time:
3 to 6 months, Less than 30 hrs/week","British English Accent, English, US English Dialect, Education Presentation"
107,IT & NETWORKING,Fixed price,Docker Deployment and Database Integration Specialist,Posted 1 hour ago,https://www.upwork.com/jobs/Docker-Deployment-and-Database-Integration-Specialist_~021915510935475386885/?referrer_url_path=/nx/search/jobs/,Intermediate,"Est. budget:
$1,000.00",,"Docker, DevOps, Amazon Web Services, Database, Deployment Automation, Machine Learning, Linux"
108,IT & NETWORKING,Fixed price,Forensic web research,Posted 1 hour ago,https://www.upwork.com/jobs/Forensic-web-research_~021915554684109334117/?referrer_url_path=/nx/search/jobs/,Expert,"Est. budget:
$50.00",,"Cybersecurity Management, Information Security Consultation, Digital Forensics, Data Mining"
109,IT & NETWORKING,Hourly: $20.00 - $50.00,Network Engineer Azure restructure services,Posted 2 hours ago,https://www.upwork.com/jobs/Network-Engineer-Azure-restructure-services_~021915548835596401157/?referrer_url_path=/nx/search/jobs/,Intermediate,,"Est. time:
Less than 1 month, Not sure","Security Management, Business with 1-9 Employees, Cloudflare, Network Administration, System Administration"
110,IT & NETWORKING,Hourly,CRM customization,Posted 2 hours ago,https://www.upwork.com/jobs/CRM-customization_~021915545818907816884/?referrer_url_path=/nx/search/jobs/,Intermediate,,"Est. time:
Less than 1 month, Less than 30 hrs/week","Zoho Projects, Zoho Analytics, Zoho Desk, Zoho Books, Landing Page Design, Figma, Web Development"
111,IT & NETWORKING,Fixed price,Website Records Update and CDN Optimization on Windows Server,Posted 2 hours ago,https://www.upwork.com/jobs/Website-Records-Update-and-CDN-Optimization-Windows-Server_~021915544587672578248/?referrer_url_path=/nx/search/jobs/,Intermediate,"Est. budget:
$100.00",,"System Administration, MySQL, Windows Server, Microsoft IIS, PHP"
112,IT & NETWORKING,Fixed price,"Fix Gmail message block issues (DKIM, SPF, DMARC)",Posted 2 hours ago,https://www.upwork.com/jobs/Fix-Gmail-message-block-issues-DKIM-SPF-DMARC_~021915542849112439301/?referrer_url_path=/nx/search/jobs/,Intermediate,"Est. budget:
$40.00",,"Email Deliverability, Email Support, DNS, Google Workspace Administration, Squarespace"
113,IT & NETWORKING,Fixed price,AWS Application Infrastructure Setup Assistance,Posted 3 hours ago,https://www.upwork.com/jobs/AWS-Application-Infrastructure-Setup-Assistance_~021915539384002425780/?referrer_url_path=/nx/search/jobs/,Intermediate,"Est. budget:
$500.00",,"MongoDB, Amazon Web Services, TypeScript, Vercel, React"
114,IT & NETWORKING,Hourly: $15.00 - $40.00,Salesforce Developer Needed for Aura Component Enhancement,Posted 3 hours ago,https://www.upwork.com/jobs/Salesforce-Developer-Needed-for-Aura-Component-Enhancement_~021915539128915786245/?referrer_url_path=/nx/search/jobs/,Intermediate,,"Est. time:
Less than 1 month, Hours to be determined","Salesforce CRM, Salesforce App Development, Apex, Salesforce Lightning, Visualforce"
115,IT & NETWORKING,Hourly: $18.00 - $20.00,Cybersecurity Vulnerability Producer,Posted 3 hours ago,https://www.upwork.com/jobs/Cybersecurity-Vulnerability-Producer_~021915537535581041588/?referrer_url_path=/nx/search/jobs/,Intermediate,,"Est. time:
1 to 3 months, Less than 30 hrs/week","Information Security, Vulnerability Assessment, Penetration Testing, Security Analysis, Internet Security"
116,IT & NETWORKING,Fixed price,Server Hack - Security Needed!,Posted 3 hours ago,https://www.upwork.com/jobs/Server-Hack-Security-Needed_~021915531024698894347/?referrer_url_path=/nx/search/jobs/,Intermediate,"Est. budget:
$100.00",,"Linux, Security Analysis, Firewall, Penetration Testing, Network Security, Internet Security"
117,IT & NETWORKING,Hourly: $10.00 - $30.00,Email Server Administrator Needed for Security and Spam Management,Posted 3 hours ago,https://www.upwork.com/jobs/Email-Server-Administrator-Needed-for-Security-and-Spam-Management_~021915530058704627301/?referrer_url_path=/nx/search/jobs/,Intermediate,,"Est. time:
1 to 3 months, Less than 30 hrs/week","System Administration, Email Deliverability, Network Security, Linux System Administration, Network Administration"
118,IT & NETWORKING,Hourly: $20.00 - $50.00,Cloud Computing Specialist Needed for Project Implementation,Posted 3 hours ago,https://www.upwork.com/jobs/Cloud-Computing-Specialist-Needed-for-Project-Implementation_~021915481460085371828/?referrer_url_path=/nx/search/jobs/,Entry Level,,"Est. time:
1 to 3 months, Less than 30 hrs/week","Python, Amazon Web Services, Java, Cloud Computing, Google Cloud Platform"
119,IT & NETWORKING,Hourly: $25.00 - $200.00,ServiceNow Workday Integration Specialist Needed,Posted yesterday,https://www.upwork.com/jobs/ServiceNow-Workday-Integration-Specialist-Needed_~021915525635121422249/?referrer_url_path=/nx/search/jobs/,Intermediate,,"Est. time:
1 to 3 months, Less than 30 hrs/week","ServiceNow, Workday, API, Dell Boomi, JavaScript"
120,IT & NETWORKING,Hourly: $40.00 - $120.00,Zoho CRM Expert Needed for Process Mapping and Architecture Redesign,Posted yesterday,https://www.upwork.com/jobs/Zoho-CRM-Expert-Needed-for-Process-Mapping-and-Architecture-Redesign_~021915523764790323400/?referrer_url_path=/nx/search/jobs/,Expert,,"Est. time:
1 to 3 months, Less than 30 hrs/week","Zoho CRM, Business Process Reengineering, Business Process Management, Marketing Analytics"
121,IT & NETWORKING,Fixed price,"Asterisk ""no audio"" issue Ubuntu 22.04 who has experiences on C/.NET",Posted yesterday,https://www.upwork.com/jobs/Asterisk-audio-issue-Ubuntu-who-has-experiences-NET_~021915523476561946824/?referrer_url_path=/nx/search/jobs/,Intermediate,"Est. budget:
$150.00",,"Ubuntu, Linux, Asterisk, System Administration, ASP.NET"
122,IT & NETWORKING,Hourly: $20.00 - $50.00,Windows Active Directory Specialist Needed for Cleanup and Management,Posted yesterday,https://www.upwork.com/jobs/Windows-Active-Directory-Specialist-Needed-for-Cleanup-and-Management_~021915522072399912873/?referrer_url_path=/nx/search/jobs/,Intermediate,,"Est. time:
1 to 3 months, Less than 30 hrs/week","Windows Server, Microsoft Active Directory, Windows Administration, Microsoft Windows PowerShell"
123,IT & NETWORKING,Hourly,DevOps Engineer-Docker Specialist,Posted yesterday,https://www.upwork.com/jobs/DevOps-Engineer-Docker-Specialist_~021915515549448862213/?referrer_url_path=/nx/search/jobs/,Expert,,"Est. time:
3 to 6 months, 30+ hrs/week","Amazon Web Services, Docker, DevOps, CI/CD, Kubernetes, Containerization"
124,IT & NETWORKING,Hourly: $20.00 - $44.00,Senior MLOps Engineer (GCP & Redis Expert),Posted yesterday,https://www.upwork.com/jobs/Senior-MLOps-Engineer-GCP-Redis-Expert_~021915520765170743813/?referrer_url_path=/nx/search/jobs/,Intermediate,,"Est. time:
1 to 3 months, Less than 30 hrs/week","Cloud Engineering, Redis, Google Cloud Platform, MLOps"
125,IT & NETWORKING,Fixed price,Deploy Python Script accessable via URL on Linux Server,Posted yesterday,https://www.upwork.com/jobs/Deploy-Python-Script-accessable-via-URL-Linux-Server_~021915519891352073140/?referrer_url_path=/nx/search/jobs/,Expert,"Est. budget:
$15.00",,"Python, Linux System Administration, Linux, DevOps, API, Flask, DNS, SSL"
126,IT & NETWORKING,Hourly: $20.00 - $50.00,ConnectWise Manage / RMM Assistance,Posted yesterday,https://www.upwork.com/jobs/ConnectWise-Manage-RMM-Assistance_~021915519012730642345/?referrer_url_path=/nx/search/jobs/,Intermediate,,"Est. time:
Less than 1 month, Less than 30 hrs/week","Administrative Support, System Administration, Email Communication"
127,IT & NETWORKING,Fixed price,Needed Hacker for phone Investigation,Posted yesterday,https://www.upwork.com/jobs/Needed-Hacker-for-phone-Investigation_~021915514043962681355/?referrer_url_path=/nx/search/jobs/,Expert,"Est. budget:
$100.00",,Ethical Hacking
128,IT & NETWORKING,Hourly: $45.00 - $100.00,Setup SQL Replication,Posted yesterday,https://www.upwork.com/jobs/Setup-SQL-Replication_~021915511290430945797/?referrer_url_path=/nx/search/jobs/,Expert,,"Est. time:
Less than 1 month, Less than 30 hrs/week","SQL, Database Management"
129,IT & NETWORKING,Fixed price,Azure AD migration,Posted yesterday,https://www.upwork.com/jobs/Azure-migration_~021915510113830344950/?referrer_url_path=/nx/search/jobs/,Intermediate,"Est. budget:
$50.00",,Microsoft Azure
130,IT & NETWORKING,Hourly,SharePoint Intranet,Posted yesterday,https://www.upwork.com/jobs/SharePoint-Intranet_~021915507780862681001/?referrer_url_path=/nx/search/jobs/,Intermediate,,"Est. time:
Less than 1 month, Hours to be determined","Microsoft SharePoint Development, HTML, Microsoft SharePoint Designer, JavaScript"
131,IT & NETWORKING,Hourly,Legacy App Migration to AWS ECS Fargate (PHP / Laravel / MySQL),Posted yesterday,https://www.upwork.com/jobs/Legacy-App-Migration-AWS-ECS-Fargate-PHP-Laravel-MySQL_~021915504483970593716/?referrer_url_path=/nx/search/jobs/,Intermediate,,"Est. time:
1 to 3 months, Less than 30 hrs/week","Kubernetes, Terraform, Docker, Amazon Web Services, DevOps, Continuous Integration"
132,IT & NETWORKING,Hourly: $30.00 - $100.00,Senior DevOps & Cloud Data Engineer Mentor for Financial Sector,Posted yesterday,https://www.upwork.com/jobs/Senior-DevOps-Cloud-Data-Engineer-Mentor-for-Financial-Sector_~021915501416416031668/?referrer_url_path=/nx/search/jobs/,Expert,,"Est. time:
1 to 3 months, Less than 30 hrs/week","Apache Airflow, Terraform, Amazon Web Services, Kubernetes, OpenShift, Apache Kafka, MySQL"
133,IT & NETWORKING,Hourly: $10.00 - $20.00,DevOps Engineer Needed for S3 Bucket Deployment and Linking,Posted yesterday,https://www.upwork.com/jobs/DevOps-Engineer-Needed-for-Bucket-Deployment-and-Linking_~021915498944522888805/?referrer_url_path=/nx/search/jobs/,Intermediate,,"Est. time:
1 to 3 months, Less than 30 hrs/week","Amazon Web Services, DevOps, Deployment Automation, CI/CD, Amazon S3"
134,IT & NETWORKING,Fixed price,Percona Restore Setup for Mongo Sharded Cluster,Posted yesterday,https://www.upwork.com/jobs/Percona-Restore-Setup-for-Mongo-Sharded-Cluster_~021915497532461167540/?referrer_url_path=/nx/search/jobs/,Expert,"Est. budget:
$300.00",,"MongoDB, Linux System Administration, Linux, Amazon Web Services, DevOps"
135,IT & NETWORKING,Hourly: $20.00 - $50.00,Remove potential malware from website,Posted yesterday,https://www.upwork.com/jobs/Remove-potential-malware-from-website_~021915497386489947749/?referrer_url_path=/nx/search/jobs/,Intermediate,,"Est. time:
Less than 1 month, Less than 30 hrs/week","WordPress, JavaScript, Internet Security"
136,IT & NETWORKING,Hourly: $35.00 - $60.00,Senior DevOps Engineer (with NestJS Experience),Posted yesterday,https://www.upwork.com/jobs/Senior-DevOps-Engineer-with-NestJS-Experience_~021915497253100230902/?referrer_url_path=/nx/search/jobs/,Expert,,"Est. time:
More than 6 months, 30+ hrs/week","DevOps, NestJS, Docker, Kubernetes, CI/CD"
137,IT & NETWORKING,Hourly: $20.00 - $35.00,SAP Sybase ASE Database Administrator,Posted yesterday,https://www.upwork.com/jobs/SAP-Sybase-ASE-Database-Administrator_~021915496356899790761/?referrer_url_path=/nx/search/jobs/,Intermediate,,"Est. time:
Less than 1 month, Less than 30 hrs/week",
138,IT & NETWORKING,Hourly: $85.00 - $200.00,Server/Network Admin Expert with a ton of WP experience required to migrate Subdomain to Main Domain,Posted yesterday,https://www.upwork.com/jobs/Server-Network-Admin-Expert-with-ton-experience-required-migrate-Subdomain-Main-Domain_~021915493720623166388/?referrer_url_path=/nx/search/jobs/,Expert,,"Est. time:
Less than 1 month, Less than 30 hrs/week","System Administration, Network Administration, WordPress, cPanel"
139,IT & NETWORKING,Hourly,Soc analyst,Posted yesterday,https://www.upwork.com/jobs/Soc-analyst_~021915490842685380854/?referrer_url_path=/nx/search/jobs/,Intermediate,,"Est. time:
1 to 3 months, Less than 30 hrs/week","Cybersecurity Management, Security Analysis, Security Operation Center, SOC 1"
140,IT & NETWORKING,Hourly,Workday Integrations Help,Posted yesterday,https://www.upwork.com/jobs/Workday-Integrations-Help_~021915490621358532619/?referrer_url_path=/nx/search/jobs/,Intermediate,,"Est. time:
Less than 1 month, Less than 30 hrs/week","XSLT, SOAP, Unit Testing, Laravel, Integration Testing, RESTful API, API Integration, Report Writing"
141,IT & NETWORKING,Fixed price,Network repair.,Posted yesterday,https://www.upwork.com/jobs/Network-repair_~021915489274844484124/?referrer_url_path=/nx/search/jobs/,Intermediate,"Est. budget:
$150.00",,"Microsoft Windows, Business with 1-9 Employees, Network Administration, System Administration, Computer Network"
142,IT & NETWORKING,Hourly: $15.00 - $20.00,Salesforce Developer with LWC and CSS Expertise Needed,Posted yesterday,https://www.upwork.com/jobs/Salesforce-Developer-with-LWC-and-CSS-Expertise-Needed_~021915486829617256694/?referrer_url_path=/nx/search/jobs/,Intermediate,,"Est. time:
1 to 3 months, 30+ hrs/week","Apex, Salesforce App Development, Salesforce Lightning, Visualforce, CSS"
143,IT & NETWORKING,Hourly,GCP Cloud Run Infra Setup (Production-Ready),Posted yesterday,https://www.upwork.com/jobs/GCP-Cloud-Run-Infra-Setup-Production-Ready_~021915484463962010548/?referrer_url_path=/nx/search/jobs/,Intermediate,,"Est. time:
Less than 1 month, Less than 30 hrs/week","Amazon Web Services, Google Cloud Platform, Microsoft Azure, Jenkins, Data Center Migration"
144,IT & NETWORKING,Hourly: $10.00 - $15.00,Oracle HCM Cloud Expert Needed,Posted yesterday,https://www.upwork.com/jobs/Oracle-HCM-Cloud-Expert-Needed_~021915481049783148457/?referrer_url_path=/nx/search/jobs/,Expert,,"Est. time:
1 to 3 months, Less than 30 hrs/week",
145,IT & NETWORKING,Hourly: $24.00 - $42.00,ServiceNow CMDB,Posted yesterday,https://www.upwork.com/jobs/ServiceNow-CMDB_~021915480134094592246/?referrer_url_path=/nx/search/jobs/,Expert,,"Est. time:
3 to 6 months, 30+ hrs/week",ServiceNow
146,IT & NETWORKING,Hourly: $15.00 - $25.00,S4 HANA Hierarchy and MDG Issues Resolution Specialist,Posted yesterday,https://www.upwork.com/jobs/HANA-Hierarchy-and-MDG-Issues-Resolution-Specialist_~021915477315885475429/?referrer_url_path=/nx/search/jobs/,Expert,,"Est. time:
1 to 3 months, Less than 30 hrs/week","SAP HANA, SAP Business Objects"
147,IT & NETWORKING,Hourly,Microsoft Cross-Tenant / Permissions Expert,Posted yesterday,https://www.upwork.com/jobs/Microsoft-Cross-Tenant-Permissions-Expert_~021915477190604038057/?referrer_url_path=/nx/search/jobs/,Expert,,"Est. time:
1 to 3 months, Not sure","System Administration, Microsoft Exchange Server, Business with 10-99 Employees, Office 365"
148,IT & NETWORKING,Hourly: $15.00 - $25.00,Senior Odoo ERP Implementer – Workflow Automation & Digital Ops,Posted yesterday,https://www.upwork.com/jobs/Senior-Odoo-ERP-Implementer-Workflow-Automation-Digital-Ops_~021915473445825530965/?referrer_url_path=/nx/search/jobs/,Intermediate,,"Est. time:
More than 6 months, Hours to be determined","CRM Software, Python, Odoo"
149,IT & NETWORKING,Hourly,Senior Laravel/Livewire Developer with DevOps Experience (Remote),Posted yesterday,https://www.upwork.com/jobs/Senior-Laravel-Livewire-Developer-with-DevOps-Experience-Remote_~021915473084754676821/?referrer_url_path=/nx/search/jobs/,Expert,,"Est. time:
More than 6 months, Less than 30 hrs/week","CI/CD, Laravel, DevOps"
150,IT & NETWORKING,Hourly: $30.00 - $120.00,Salesforce Experience Cloud Developer,Posted yesterday,https://www.upwork.com/jobs/Salesforce-Experience-Cloud-Developer_~021915472952066328941/?referrer_url_path=/nx/search/jobs/,Expert,,"Est. time:
More than 6 months, Less than 30 hrs/week","Salesforce Service Cloud, Salesforce CRM, Salesforce Lightning, Apex, API"
